crude,rbob,ulsd,crack
91.0,2.3499999999999996,2.73,39.06
92.0,2.3499999999999996,2.73,36.06
93.0,2.3499999999999996,2.73,33.06
91.0,2.3,2.68,32.75999999999999
92.0,2.3,2.68,29.75999999999999
93.0,2.3,2.68,26.75999999999999
91.0,2.25,2.6300000000000003,26.460000000000036
92.0,2.25,2.6300000000000003,23.460000000000036
93.0,2.25,2.6300000000000003,20.460000000000036
